escenario,modelo,n_M,n_B,media_delta,DE_delta,P_rechazo,EE_MC_rechazo,IC_MC_rechazo_inf,IC_MC_rechazo_sup,P_delta_positiva,P_error_hasta_005,EE_MC_precision,IC_MC_precision_inf,IC_MC_precision_sup
50,Ajustado,50,50,0.019148999999999996,0.2583466526755232,0.0495,0.0015337820901288421,0.04657939854423662,0.05259362594231365,0.51885,0.15595,0.0025654395091289912,0.15098794967876675,0.16104419033143882
50,Nulo,50,50,-0.001415999999999998,0.25977353417631466,0.0513,0.0015599408642637707,0.04832781816968915,0.054444514987059135,0.48375,0.15425,0.002553986467270334,0.1493107152680259,0.15932207766477044
200,Ajustado,200,200,0.01861875,0.13026722295307555,0.0534,0.0015897867781561148,0.05036895750121091,0.056602569104101746,0.546,0.29725,0.0032318140223410135,0.2909551847780306,0.3036226858427199
200,Nulo,200,200,0.0009457499999999994,0.13063022245900252,0.054,0.0015981864722240645,0.05095239011465099,0.05721890604739433,0.4979,0.30195,0.0032463533194955845,0.29562579444153836,0.3083502710402847
1000,Ajustado,1000,1000,0.018590099999999995,0.05756040168364097,0.0604,0.0016845153605711052,0.05718206744779481,0.06378677065273237,0.62405,0.6135,0.0034432379383365305,0.6067301943779971,0.6202262134372672
1000,Nulo,1000,1000,-0.0009304999999999996,0.05797152753421486,0.0501,0.0015425626405433266,0.04716208578848323,0.053210708254799705,0.4889,0.6134,0.0034434026775850657,0.6066298907932942,0.6201265554291812
5000,Ajustado,5000,5000,0.018052059999999995,0.02592743761649939,0.10845,0.002198733698063501,0.1042155106705662,0.11283487276496934,0.75765,0.9443,0.0016216890885740085,0.9410353862955286,0.9473939704650168
5000,Nulo,5000,5000,2.5500000000000766e-05,0.026163507414068365,0.0517,0.001565680522967569,0.04871649951539003,0.05485568001251338,0.5013,0.9453,0.00160791650902651,0.942062170419196,0.9483668022692373
Original,Ajustado,43418,41515,0.018030520837781443,0.008852694936443915,0.52775,0.0035300845421887563,0.5208264947470664,0.5346628472518198,0.9811,1.0,0.0,0.9998079639438954,1.0
Original,Nulo,43418,41515,-0.00010256888518400664,0.008803946434304039,0.04755,0.0015048089164408883,0.04468651897958429,0.050587254447584794,0.4971,1.0,0.0,0.9998079639438954,1.0
